Workbook

Sheet Sheet1
A1: Teahcer ID | B1: Teacher Name | C1: Age | D1: Gender | E1: Expertise | F1: Years of Experience | G1: Teacher Rating | H1: Instuctor Tier
A2: T001 | B2: Aarav Sharma | C2: 51 | D2: Male | E2: Data Science | F2: 6 | G2: 3.5 | H2: =IF(G2>=4,"High",IF(G2>=3,"Medium","Low")) -> Medium
A3: T002 | B3: Priya Mehta | C3: 37 | D3: Female | E3: Business Analytics | F3: 8 | G3: 3.8 | H3: =IF(G3>=4,"High",IF(G3>=3,"Medium","Low")) -> Medium
A4: T003 | B4: Rohan Kapoor | C4: 45 | D4: Male | E4: Marketing | F4: 9 | G4: 3.5 | H4: =IF(G4>=4,"High",IF(G4>=3,"Medium","Low")) -> Medium
A5: T004 | B5: Ananya Singh | C5: 47 | D5: Female | E5: Finance | F5: 22 | G5: 4.2 | H5: =IF(G5>=4,"High",IF(G5>=3,"Medium","Low")) -> High
A6: T005 | B6: Arjun Verma | C6: 51 | D6: Male | E6: Technology | F6: 19 | G6: 4 | H6: =IF(G6>=4,"High",IF(G6>=3,"Medium","Low")) -> High
A7: T006 | B7: Sneha Joshi | C7: 31 | D7: Female | E7: Management | F7: 8 | G7: 3.6 | H7: =IF(G7>=4,"High",IF(G7>=3,"Medium","Low")) -> Medium
A8: T007 | B8: Karan Malhotra | C8: 35 | D8: Male | E8: Design | F8: 8 | G8: 3.5 | H8: =IF(G8>=4,"High",IF(G8>=3,"Medium","Low")) -> Medium
A9: T008 | B9: Neha Mehta | C9: 30 | D9: Female | E9: Data Science | F9: 5 | G9: 3.3 | H9: =IF(G9>=4,"High",IF(G9>=3,"Medium","Low")) -> Medium
A10: T009 | B10: Aditya Rao | C10: 46 | D10: Male | E10: Business Analytics | F10: 11 | G10: 3.7 | H10: =IF(G10>=4,"High",IF(G10>=3,"Medium","Low")) -> Medium
A11: T010 | B11: Ishita Jain | C11: 31 | D11: Female | E11: Marketing | F11: 3 | G11: 3 | H11: =IF(G11>=4,"High",IF(G11>=3,"Medium","Low")) -> Medium
A12: T011 | B12: Rahul Bansal | C12: 51 | D12: Male | E12: Finance | F12: 16 | G12: 4 | H12: =IF(G12>=4,"High",IF(G12>=3,"Medium","Low")) -> High
A13: T012 | B13: Kavya Nair | C13: 34 | D13: Female | E13: Technology | F13: 8 | G13: 3.5 | H13: =IF(G13>=4,"High",IF(G13>=3,"Medium","Low")) -> Medium
... A29: T028 | B29: Divya Menon | C29: 54 | D29: Female | E29: Design | F29: 13 | G29: 3.7 | H29: =IF(G29>=4,"High",IF(G29>=3,"Medium","Low")) -> Medium
A30: T029 | B30: Harsh Vardhan | C30: 28 | D30: Male | E30: Data Science | F30: 5 | G30: 3.4 | H30: =IF(G30>=4,"High",IF(G30>=3,"Medium","Low")) -> Medium | J30: Instuctor Tier | K30: No.of Teachers
A31: T030 | B31: Nandini Rao | C31: 48 | D31: Female | E31: Business Analytics | F31: 9 | G31: 3.5 | H31: =IF(G31>=4,"High",IF(G31>=3,"Medium","Low")) -> Medium | J31: High | K31: =COUNTIF($H$2:$H$30,J31) -> 5
J32: Medium | K32: =COUNTIF($H$2:$H$30,J32) -> 24
J33: Low | K33: =COUNTIF($H$2:$H$30,J33) -> 0
J35: Gender | K35: No.of Teachers
J36: Male | K36: =COUNTIF($D$2:$D$30,"*Male*") -> 29
J37: Female | K37: =COUNTIF($D$2:$D$30,"*Female*") -> 14
J39: Expertise | K39: No.of Teachers
J40: Data Science | K40: =COUNTIF($E$2:$E$30,J40) -> 5
J41: Business Analytics | K41: =COUNTIF($E$2:$E$30,J41) -> 4
J42: Marketing | K42: =COUNTIF($E$2:$E$30,J42) -> 4
J43: Finance | K43: =COUNTIF($E$2:$E$30,J43) -> 4
J44: Technology | K44: =COUNTIF($E$2:$E$30,J44) -> 4
J45: Management | K45: =COUNTIF($E$2:$E$30,J45) -> 4
J46: Design | K46: =COUNTIF($E$2:$E$30,J46) -> 4
J48: Experience Level | K48: No. of Teachers
J49: High | K49: =COUNTIFS($F$2:$F$30,"<=5") -> 8
J50: Medium | K50: =COUNTIFS($F$2:$F$30,">=6",$F$2:$F$30,"<=10") -> 10
J51: Low | K51: =COUNTIF($F$2:$F$30,">=11") -> 11
J53: Avg Teacher Rating | K53: =AVERAGE(G2:G30) -> 3.6482759
J55: Avg Years of experience | K55: =AVERAGE(F2:F30) -> 9.2068966
J57: Total Teachers | K57: =COUNTA(A2:A30) -> 29
J59: Highest Teacher Rating | K59: =MAX(G2:G30) -> 4.2
J61: Avg Age | K61: =AVERAGE(C2:C30) -> 39.482759

Sheet Sheet2
A1: Course ID | B1: Course Name | C1: Course Category | D1: Course Level | E1: Course Rating | J1: Course Rating/Quality
A2: C001 | B2: Introducaion to Data Science | C2: Data Science | D2: Beginner | E2: 4.6 | J2: Quality Level | K2: No. of Courses
A3: C002 | B3: Marketing Strategy | C3: Marketing | D3: Intermediate | E3: 4.3 | J3: High | K3: =COUNTIF(Sheet2!$E$2:$E$31,">=4.5") -> 19
A4: C003 | B4: Corporate Finance | C4: Finance | D4: Advanced | E4: 4.7 | J4: Medium | K4: 7
A5: C004 | B5: Strategic Management | C5: Management | D5: Beginner | E5: 4.5 | J5: Low | K5: =COUNTIF(Sheet2!$E$2:$E$31,"<4.3") -> 4
A6: C005 | B6: Python Programming | C6: Technology | D6: Intermediate | E6: 4.4 | J6: TOTAL | K6: =SUM(K3:K5) -> 30
A7: C006 | B7: UI/UX Designing | C7: Design | D7: Advanced | E7: 4.2
A8: C007 | B8: Business Analytics | C8: Business Analytics | D8: Beginner | E8: 4.8
A9: C008 | B9: Social Media Marketing | C9: Marketing | D9: Intermediate | E9: 4.1
A10: C009 | B10: Financial Planning | C10: Finance | D10: Advanced | E10: 4.5
A11: C010 | B11: Machine Learning | C11: Data Science | D11: Beginner | E11: 4.7
A12: C011 | B12: Human Resource | C12: Human Resource | D12: Intermediate | E12: 4.4
A13: C012 | B13: Investment Analysis | C13: Finance | D13: Advanced | E13: 4.8
A14: C013 | B14: Web Development | C14: Technology | D14: Beginner | E14: 4.6
A15: C014 | B15: Leadership skills | C15: Management | D15: Intermediate | E15: 4.5
A16: C015 | B16: Data Visualization | C16: Business Analytics | D16: Advanced | E16: 4.7
A17: C016 | B17: Brand Management | C17: Marketing | D17: Beginner | E17: 4.3
A18: C017 | B18: SQL for Beginners | C18: Data Science | D18: Intermediate | E18: 4.4
... A31: C030 | B31: Predictive Analytics | C31: Business Analytics | D31: Advanced | E31: 4.8

Sheet Sheet3
A1: Transactions | B1: Course ID | C1: Teacher ID
A2: TR001 | B2: C001 | C2: T001
A3: TR002 | B3: C001 | C3: T001
A4: TR003 | B4: C002 | C4: T002
A5: TR004 | B5: C002 | C5: T002
A6: TR005 | B6: C003 | C6: T003
A7: TR006 | B7: C003 | C7: T003
A8: TR007 | B8: C004 | C8: T004
A9: TR008 | B9: C004 | C9: T004
A10: TR009 | B10: C005 | C10: T005
A11: TR010 | B11: C005 | C11: T005
A12: TR011 | B12: C006 | C12: T006
... A61: TR060 | B61: C031 | C61: T031

Sheet Sheet4
A1: Transaction ID | B1: Course ID | C1: Course Name | D1: Course Category | E1: Course Level | F1: Course Rating | G1: Teacher ID | H1: Teacher Name | I1: Gender | J1: Age | K1: Expertise | L1: Years of Experience | M1: Teacher Rating
A2: =Sheet3!A2 -> TR001 | B2: =Sheet3!B2 -> C001 | C2: =_xlfn.XLOOKUP(B2,Sheet2!$A$2:$A$31,Sheet2!$B$2:$B$31,"Not Found") -> Introducaion to Data Science | D2: =_xlfn.XLOOKUP(B2,Sheet2!$A$2:$A$31,Sheet2!$C$2:$C$31,"Not Found") -> Data Science | E2: =_xlfn.XLOOKUP(B2,Sheet2!$A$2:$A$31,Sheet2!$D$2:$D$31,"Not Found") -> Beginner | F2: =_xlfn.XLOOKUP(B2,Sheet2!$A$2:$A$31,Sheet2!$E$2:$E$31,"Not Found") -> 4.6 | G2: =Sheet3!C2 -> T001 | H2: =_xlfn.XLOOKUP(G2,Sheet1!$A$2:$A$31,Sheet1!$B$2:$B$31,"Not Found") -> Aarav Sharma | I2: =_xlfn.XLOOKUP(G2,Sheet1!$A$2:$A$31,Sheet1!$D$2:$D$31,"Not Found") -> Male | J2: =_xlfn.XLOOKUP(G2,Sheet1!$A$2:$A$31,Sheet1!$C$2:$C$31,"Not Found") -> 51 | K2: =_xlfn.XLOOKUP(G2,Sheet1!$A$2:$A$31,Sheet1!$E$2:$E$31,"Not Found") -> Data Science | L2: =_xlfn.XLOOKUP(G2,Sheet1!$A$2:$A$31,Sheet1!$F$2:$F$31,"Not Found") -> 6 | M2: =_xlfn.XLOOKUP(G2,Sheet1!$A$2:$A$31,Sheet1!$G$2:$G$31,"Not Found") -> 3.5
A3: =Sheet3!A3 -> TR002 | B3: =Sheet3!B3 -> C001 | C3: =_xlfn.XLOOKUP(B3,Sheet2!$A$2:$A$31,Sheet2!$B$2:$B$31,"Not Found") -> Introducaion to Data Science | D3: =_xlfn.XLOOKUP(B3,Sheet2!$A$2:$A$31,Sheet2!$C$2:$C$31,"Not Found") -> Data Science | E3: =_xlfn.XLOOKUP(B3,Sheet2!$A$2:$A$31,Sheet2!$D$2:$D$31,"Not Found") -> Beginner | F3: =_xlfn.XLOOKUP(B3,Sheet2!$A$2:$A$31,Sheet2!$E$2:$E$31,"Not Found") -> 4.6 | G3: =Sheet3!C3 -> T001 | H3: =_xlfn.XLOOKUP(G3,Sheet1!$A$2:$A$31,Sheet1!$B$2:$B$31,"Not Found") -> Aarav Sharma | I3: =_xlfn.XLOOKUP(G3,Sheet1!$A$2:$A$31,Sheet1!$D$2:$D$31,"Not Found") -> Male | J3: =_xlfn.XLOOKUP(G3,Sheet1!$A$2:$A$31,Sheet1!$C$2:$C$31,"Not Found") -> 51 | K3: =_xlfn.XLOOKUP(G3,Sheet1!$A$2:$A$31,Sheet1!$E$2:$E$31,"Not Found") -> Data Science | L3: =_xlfn.XLOOKUP(G3,Sheet1!$A$2:$A$31,Sheet1!$F$2:$F$31,"Not Found") -> 6 | M3: =_xlfn.XLOOKUP(G3,Sheet1!$A$2:$A$31,Sheet1!$G$2:$G$31,"Not Found") -> 3.5
A4: =Sheet3!A4 -> TR003 | B4: =Sheet3!B4 -> C002 | C4: =_xlfn.XLOOKUP(B4,Sheet2!$A$2:$A$31,Sheet2!$B$2:$B$31,"Not Found") -> Marketing Strategy | D4: =_xlfn.XLOOKUP(B4,Sheet2!$A$2:$A$31,Sheet2!$C$2:$C$31,"Not Found") -> Marketing | E4: =_xlfn.XLOOKUP(B4,Sheet2!$A$2:$A$31,Sheet2!$D$2:$D$31,"Not Found") -> Intermediate | F4: =_xlfn.XLOOKUP(B4,Sheet2!$A$2:$A$31,Sheet2!$E$2:$E$31,"Not Found") -> 4.3 | G4: =Sheet3!C4 -> T002 | H4: =_xlfn.XLOOKUP(G4,Sheet1!$A$2:$A$31,Sheet1!$B$2:$B$31,"Not Found") -> Priya Mehta | I4: =_xlfn.XLOOKUP(G4,Sheet1!$A$2:$A$31,Sheet1!$D$2:$D$31,"Not Found") -> Female | J4: =_xlfn.XLOOKUP(G4,Sheet1!$A$2:$A$31,Sheet1!$C$2:$C$31,"Not Found") -> 37 | K4: =_xlfn.XLOOKUP(G4,Sheet1!$A$2:$A$31,Sheet1!$E$2:$E$31,"Not Found") -> Business Analytics | L4: =_xlfn.XLOOKUP(G4,Sheet1!$A$2:$A$31,Sheet1!$F$2:$F$31,"Not Found") -> 8 | M4: =_xlfn.XLOOKUP(G4,Sheet1!$A$2:$A$31,Sheet1!$G$2:$G$31,"Not Found") -> 3.8
A5: =Sheet3!A5 -> TR004 | B5: =Sheet3!B5 -> C002 | C5: =_xlfn.XLOOKUP(B5,Sheet2!$A$2:$A$31,Sheet2!$B$2:$B$31,"Not Found") -> Marketing Strategy | D5: =_xlfn.XLOOKUP(B5,Sheet2!$A$2:$A$31,Sheet2!$C$2:$C$31,"Not Found") -> Marketing | E5: =_xlfn.XLOOKUP(B5,Sheet2!$A$2:$A$31,Sheet2!$D$2:$D$31,"Not Found") -> Intermediate | F5: =_xlfn.XLOOKUP(B5,Sheet2!$A$2:$A$31,Sheet2!$E$2:$E$31,"Not Found") -> 4.3 | G5: =Sheet3!C5 -> T002 | H5: =_xlfn.XLOOKUP(G5,Sheet1!$A$2:$A$31,Sheet1!$B$2:$B$31,"Not Found") -> Priya Mehta | I5: =_xlfn.XLOOKUP(G5,Sheet1!$A$2:$A$31,Sheet1!$D$2:$D$31,"Not Found") -> Female | J5: =_xlfn.XLOOKUP(G5,Sheet1!$A$2:$A$31,Sheet1!$C$2:$C$31,"Not Found") -> 37 | K5: =_xlfn.XLOOKUP(G5,Sheet1!$A$2:$A$31,Sheet1!$E$2:$E$31,"Not Found") -> Business Analytics | L5: =_xlfn.XLOOKUP(G5,Sheet1!$A$2:$A$31,Sheet1!$F$2:$F$31,"Not Found") -> 8 | M5: =_xlfn.XLOOKUP(G5,Sheet1!$A$2:$A$31,Sheet1!$G$2:$G$31,"Not Found") -> 3.8
A6: =Sheet3!A6 -> TR005 | B6: =Sheet3!B6 -> C003 | C6: =_xlfn.XLOOKUP(B6,Sheet2!$A$2:$A$31,Sheet2!$B$2:$B$31,"Not Found") -> Corporate Finance | D6: =_xlfn.XLOOKUP(B6,Sheet2!$A$2:$A$31,Sheet2!$C$2:$C$31,"Not Found") -> Finance | E6: =_xlfn.XLOOKUP(B6,Sheet2!$A$2:$A$31,Sheet2!$D$2:$D$31,"Not Found") -> Advanced | F6: =_xlfn.XLOOKUP(B6,Sheet2!$A$2:$A$31,Sheet2!$E$2:$E$31,"Not Found") -> 4.7 | G6: =Sheet3!C6 -> T003 | H6: =_xlfn.XLOOKUP(G6,Sheet1!$A$2:$A$31,Sheet1!$B$2:$B$31,"Not Found") -> Rohan Kapoor | I6: =_xlfn.XLOOKUP(G6,Sheet1!$A$2:$A$31,Sheet1!$D$2:$D$31,"Not Found") -> Male | J6: =_xlfn.XLOOKUP(G6,Sheet1!$A$2:$A$31,Sheet1!$C$2:$C$31,"Not Found") -> 45 | K6: =_xlfn.XLOOKUP(G6,Sheet1!$A$2:$A$31,Sheet1!$E$2:$E$31,"Not Found") -> Marketing | L6: =_xlfn.XLOOKUP(G6,Sheet1!$A$2:$A$31,Sheet1!$F$2:$F$31,"Not Found") -> 9 | M6: =_xlfn.XLOOKUP(G6,Sheet1!$A$2:$A$31,Sheet1!$G$2:$G$31,"Not Found") -> 3.5
A7: =Sheet3!A7 -> TR006 | B7: =Sheet3!B7 -> C003 | C7: =_xlfn.XLOOKUP(B7,Sheet2!$A$2:$A$31,Sheet2!$B$2:$B$31,"Not Found") -> Corporate Finance | D7: =_xlfn.XLOOKUP(B7,Sheet2!$A$2:$A$31,Sheet2!$C$2:$C$31,"Not Found") -> Finance | E7: =_xlfn.XLOOKUP(B7,Sheet2!$A$2:$A$31,Sheet2!$D$2:$D$31,"Not Found") -> Advanced | F7: =_xlfn.XLOOKUP(B7,Sheet2!$A$2:$A$31,Sheet2!$E$2:$E$31,"Not Found") -> 4.7 | G7: =Sheet3!C7 -> T003 | H7: =_xlfn.XLOOKUP(G7,Sheet1!$A$2:$A$31,Sheet1!$B$2:$B$31,"Not Found") -> Rohan Kapoor | I7: =_xlfn.XLOOKUP(G7,Sheet1!$A$2:$A$31,Sheet1!$D$2:$D$31,"Not Found") -> Male | J7: =_xlfn.XLOOKUP(G7,Sheet1!$A$2:$A$31,Sheet1!$C$2:$C$31,"Not Found") -> 45 | K7: =_xlfn.XLOOKUP(G7,Sheet1!$A$2:$A$31,Sheet1!$E$2:$E$31,"Not Found") -> Marketing | L7: =_xlfn.XLOOKUP(G7,Sheet1!$A$2:$A$31,Sheet1!$F$2:$F$31,"Not Found") -> 9 | M7: =_xlfn.XLOOKUP(G7,Sheet1!$A$2:$A$31,Sheet1!$G$2:$G$31,"Not Found") -> 3.5
A8: =Sheet3!A8 -> TR007 | B8: =Sheet3!B8 -> C004 | C8: =_xlfn.XLOOKUP(B8,Sheet2!$A$2:$A$31,Sheet2!$B$2:$B$31,"Not Found") -> Strategic Management | D8: =_xlfn.XLOOKUP(B8,Sheet2!$A$2:$A$31,Sheet2!$C$2:$C$31,"Not Found") -> Management | E8: =_xlfn.XLOOKUP(B8,Sheet2!$A$2:$A$31,Sheet2!$D$2:$D$31,"Not Found") -> Beginner | F8: =_xlfn.XLOOKUP(B8,Sheet2!$A$2:$A$31,Sheet2!$E$2:$E$31,"Not Found") -> 4.5 | G8: =Sheet3!C8 -> T004 | H8: =_xlfn.XLOOKUP(G8,Sheet1!$A$2:$A$31,Sheet1!$B$2:$B$31,"Not Found") -> Ananya Singh | I8: =_xlfn.XLOOKUP(G8,Sheet1!$A$2:$A$31,Sheet1!$D$2:$D$31,"Not Found") -> Female | J8: =_xlfn.XLOOKUP(G8,Sheet1!$A$2:$A$31,Sheet1!$C$2:$C$31,"Not Found") -> 47 | K8: =_xlfn.XLOOKUP(G8,Sheet1!$A$2:$A$31,Sheet1!$E$2:$E$31,"Not Found") -> Finance | L8: =_xlfn.XLOOKUP(G8,Sheet1!$A$2:$A$31,Sheet1!$F$2:$F$31,"Not Found") -> 22 | M8: =_xlfn.XLOOKUP(G8,Sheet1!$A$2:$A$31,Sheet1!$G$2:$G$31,"Not Found") -> 4.2
A9: =Sheet3!A9 -> TR008 | B9: =Sheet3!B9 -> C004 | C9: =_xlfn.XLOOKUP(B9,Sheet2!$A$2:$A$31,Sheet2!$B$2:$B$31,"Not Found") -> Strategic Management | D9: =_xlfn.XLOOKUP(B9,Sheet2!$A$2:$A$31,Sheet2!$C$2:$C$31,"Not Found") -> Management | E9: =_xlfn.XLOOKUP(B9,Sheet2!$A$2:$A$31,Sheet2!$D$2:$D$31,"Not Found") -> Beginner | F9: =_xlfn.XLOOKUP(B9,Sheet2!$A$2:$A$31,Sheet2!$E$2:$E$31,"Not Found") -> 4.5 | G9: =Sheet3!C9 -> T004 | H9: =_xlfn.XLOOKUP(G9,Sheet1!$A$2:$A$31,Sheet1!$B$2:$B$31,"Not Found") -> Ananya Singh | I9: =_xlfn.XLOOKUP(G9,Sheet1!$A$2:$A$31,Sheet1!$D$2:$D$31,"Not Found") -> Female | J9: =_xlfn.XLOOKUP(G9,Sheet1!$A$2:$A$31,Sheet1!$C$2:$C$31,"Not Found") -> 47 | K9: =_xlfn.XLOOKUP(G9,Sheet1!$A$2:$A$31,Sheet1!$E$2:$E$31,"Not Found") -> Finance | L9: =_xlfn.XLOOKUP(G9,Sheet1!$A$2:$A$31,Sheet1!$F$2:$F$31,"Not Found") -> 22 | M9: =_xlfn.XLOOKUP(G9,Sheet1!$A$2:$A$31,Sheet1!$G$2:$G$31,"Not Found") -> 4.2
A10: =Sheet3!A10 -> TR009 | B10: =Sheet3!B10 -> C005 | C10: =_xlfn.XLOOKUP(B10,Sheet2!$A$2:$A$31,Sheet2!$B$2:$B$31,"Not Found") -> Python Programming | D10: =_xlfn.XLOOKUP(B10,Sheet2!$A$2:$A$31,Sheet2!$C$2:$C$31,"Not Found") -> Technology | E10: =_xlfn.XLOOKUP(B10,Sheet2!$A$2:$A$31,Sheet2!$D$2:$D$31,"Not Found") -> Intermediate | F10: =_xlfn.XLOOKUP(B10,Sheet2!$A$2:$A$31,Sheet2!$E$2:$E$31,"Not Found") -> 4.4 | G10: =Sheet3!C10 -> T005 | H10: =_xlfn.XLOOKUP(G10,Sheet1!$A$2:$A$31,Sheet1!$B$2:$B$31,"Not Found") -> Arjun Verma | I10: =_xlfn.XLOOKUP(G10,Sheet1!$A$2:$A$31,Sheet1!$D$2:$D$31,"Not Found") -> Male | J10: =_xlfn.XLOOKUP(G10,Sheet1!$A$2:$A$31,Sheet1!$C$2:$C$31,"Not Found") -> 51 | K10: =_xlfn.XLOOKUP(G10,Sheet1!$A$2:$A$31,Sheet1!$E$2:$E$31,"Not Found") -> Technology | L10: =_xlfn.XLOOKUP(G10,Sheet1!$A$2:$A$31,Sheet1!$F$2:$F$31,"Not Found") -> 19 | M10: =_xlfn.XLOOKUP(G10,Sheet1!$A$2:$A$31,Sheet1!$G$2:$G$31,"Not Found") -> 4
A11: =Sheet3!A11 -> TR010 | B11: =Sheet3!B11 -> C005 | C11: =_xlfn.XLOOKUP(B11,Sheet2!$A$2:$A$31,Sheet2!$B$2:$B$31,"Not Found") -> Python Programming | D11: =_xlfn.XLOOKUP(B11,Sheet2!$A$2:$A$31,Sheet2!$C$2:$C$31,"Not Found") -> Technology | E11: =_xlfn.XLOOKUP(B11,Sheet2!$A$2:$A$31,Sheet2!$D$2:$D$31,"Not Found") -> Intermediate | F11: =_xlfn.XLOOKUP(B11,Sheet2!$A$2:$A$31,Sheet2!$E$2:$E$31,"Not Found") -> 4.4 | G11: =Sheet3!C11 -> T005 | H11: =_xlfn.XLOOKUP(G11,Sheet1!$A$2:$A$31,Sheet1!$B$2:$B$31,"Not Found") -> Arjun Verma | I11: =_xlfn.XLOOKUP(G11,Sheet1!$A$2:$A$31,Sheet1!$D$2:$D$31,"Not Found") -> Male | J11: =_xlfn.XLOOKUP(G11,Sheet1!$A$2:$A$31,Sheet1!$C$2:$C$31,"Not Found") -> 51 | K11: =_xlfn.XLOOKUP(G11,Sheet1!$A$2:$A$31,Sheet1!$E$2:$E$31,"Not Found") -> Technology | L11: =_xlfn.XLOOKUP(G11,Sheet1!$A$2:$A$31,Sheet1!$F$2:$F$31,"Not Found") -> 19 | M11: =_xlfn.XLOOKUP(G11,Sheet1!$A$2:$A$31,Sheet1!$G$2:$G$31,"Not Found") -> 4
A12: =Sheet3!A12 -> TR011 | B12: =Sheet3!B12 -> C006 | C12: =_xlfn.XLOOKUP(B12,Sheet2!$A$2:$A$31,Sheet2!$B$2:$B$31,"Not Found") -> UI/UX Designing | D12: =_xlfn.XLOOKUP(B12,Sheet2!$A$2:$A$31,Sheet2!$C$2:$C$31,"Not Found") -> Design | E12: =_xlfn.XLOOKUP(B12,Sheet2!$A$2:$A$31,Sheet2!$D$2:$D$31,"Not Found") -> Advanced | F12: =_xlfn.XLOOKUP(B12,Sheet2!$A$2:$A$31,Sheet2!$E$2:$E$31,"Not Found") -> 4.2 | G12: =Sheet3!C12 -> T006 | H12: =_xlfn.XLOOKUP(G12,Sheet1!$A$2:$A$31,Sheet1!$B$2:$B$31,"Not Found") -> Sneha Joshi | I12: =_xlfn.XLOOKUP(G12,Sheet1!$A$2:$A$31,Sheet1!$D$2:$D$31,"Not Found") -> Female | J12: =_xlfn.XLOOKUP(G12,Sheet1!$A$2:$A$31,Sheet1!$C$2:$C$31,"Not Found") -> 31 | K12: =_xlfn.XLOOKUP(G12,Sheet1!$A$2:$A$31,Sheet1!$E$2:$E$31,"Not Found") -> Management | L12: =_xlfn.XLOOKUP(G12,Sheet1!$A$2:$A$31,Sheet1!$F$2:$F$31,"Not Found") -> 8 | M12: =_xlfn.XLOOKUP(G12,Sheet1!$A$2:$A$31,Sheet1!$G$2:$G$31,"Not Found") -> 3.6
A13: =Sheet3!A13 -> TR012 | B13: =Sheet3!B13 -> C006 | C13: =_xlfn.XLOOKUP(B13,Sheet2!$A$2:$A$31,Sheet2!$B$2:$B$31,"Not Found") -> UI/UX Designing | D13: =_xlfn.XLOOKUP(B13,Sheet2!$A$2:$A$31,Sheet2!$C$2:$C$31,"Not Found") -> Design | E13: =_xlfn.XLOOKUP(B13,Sheet2!$A$2:$A$31,Sheet2!$D$2:$D$31,"Not Found") -> Advanced | F13: =_xlfn.XLOOKUP(B13,Sheet2!$A$2:$A$31,Sheet2!$E$2:$E$31,"Not Found") -> 4.2 | G13: =Sheet3!C13 -> T006 | H13: =_xlfn.XLOOKUP(G13,Sheet1!$A$2:$A$31,Sheet1!$B$2:$B$31,"Not Found") -> Sneha Joshi | I13: =_xlfn.XLOOKUP(G13,Sheet1!$A$2:$A$31,Sheet1!$D$2:$D$31,"Not Found") -> Female | J13: =_xlfn.XLOOKUP(G13,Sheet1!$A$2:$A$31,Sheet1!$C$2:$C$31,"Not Found") -> 31 | K13: =_xlfn.XLOOKUP(G13,Sheet1!$A$2:$A$31,Sheet1!$E$2:$E$31,"Not Found") -> Management | L13: =_xlfn.XLOOKUP(G13,Sheet1!$A$2:$A$31,Sheet1!$F$2:$F$31,"Not Found") -> 8 | M13: =_xlfn.XLOOKUP(G13,Sheet1!$A$2:$A$31,Sheet1!$G$2:$G$31,"Not Found") -> 3.6
... A61: =Sheet3!A61 -> TR060 | B61: =Sheet3!B61 -> C031 | C61: =_xlfn.XLOOKUP(B61,Sheet2!$A$2:$A$31,Sheet2!$B$2:$B$31,"Not Found") -> Not Found | D61: =_xlfn.XLOOKUP(B61,Sheet2!$A$2:$A$31,Sheet2!$C$2:$C$31,"Not Found") -> Not Found | E61: =_xlfn.XLOOKUP(B61,Sheet2!$A$2:$A$31,Sheet2!$D$2:$D$31,"Not Found") -> Not Found | F61: =_xlfn.XLOOKUP(B61,Sheet2!$A$2:$A$31,Sheet2!$E$2:$E$31,"Not Found") -> Not Found | G61: =Sheet3!C61 -> T031 | H61: =_xlfn.XLOOKUP(G61,Sheet1!$A$2:$A$31,Sheet1!$B$2:$B$31,"Not Found") -> Not Found | I61: =_xlfn.XLOOKUP(G61,Sheet1!$A$2:$A$31,Sheet1!$D$2:$D$31,"Not Found") -> Not Found | J61: =_xlfn.XLOOKUP(G61,Sheet1!$A$2:$A$31,Sheet1!$C$2:$C$31,"Not Found") -> Not Found | K61: =_xlfn.XLOOKUP(G61,Sheet1!$A$2:$A$31,Sheet1!$E$2:$E$31,"Not Found") -> Not Found | L61: =_xlfn.XLOOKUP(G61,Sheet1!$A$2:$A$31,Sheet1!$F$2:$F$31,"Not Found") -> Not Found | M61: =_xlfn.XLOOKUP(G61,Sheet1!$A$2:$A$31,Sheet1!$G$2:$G$31,"Not Found") -> Not Found

Sheet Sheet5
A1: Metric | B1: Value
A2: Average Teacher Rating | B2: =AVERAGE(Sheet1!G2:G31) -> 3.6433333
A3: Average Course Rating | B3: =AVERAGE(Sheet2!E2:E31) -> 4.51
A4: Average Teaching Experience | B4: =AVERAGE(Sheet1!F2:F31) -> 9.2
A5: Highest Teacher Rating | B5: =MAX(Sheet1!G2:G31) -> 4.2
A6: Lowest Teacher Rating | B6: =MIN(Sheet1!G2:G31) -> 3
A8: Gender | B8: No. of Teachers | C8: Avg Teacher Rating
A9: Male | B9: {=SUMPRODUCT(--(TRIM(Sheet1!D2:D31)="Male"))} -> 15 | C9: {=SUMPRODUCT((TRIM(Sheet1!D2:D31)="Male")*Sheet1!G2:G31)/B9} -> 3.66
A10: Female | B10: {=SUMPRODUCT(--(TRIM(Sheet1!D2:D31)="Female"))} -> 15 | C10: {=SUMPRODUCT((TRIM(Sheet1!D2:D31)="Female")*Sheet1!G2:G31)/B10} -> 3.6266667
A13: Expertise | B13: No. of Teachers | C13: Avg Teacher Rating
A14: Data Science | B14: =COUNTIF(Sheet1!E2:E31,A14) -> 5 | C14: =AVERAGEIF(Sheet1!E2:E31,A14,Sheet1!G2:G31) -> 3.46
A15: Business Analytics | B15: =COUNTIF(Sheet1!E3:E32,A15) -> 5 | C15: =AVERAGEIF(Sheet1!E3:E32,A15,Sheet1!G3:G32) -> 3.7
A16: Marketing | B16: =COUNTIF(Sheet1!E4:E33,A16) -> 4 | C16: =AVERAGEIF(Sheet1!E4:E33,A16,Sheet1!G4:G33) -> 3.325
A17: Finance | B17: =COUNTIF(Sheet1!E5:E34,A17) -> 4 | C17: =AVERAGEIF(Sheet1!E5:E34,A17,Sheet1!G5:G34) -> 4.1
A18: Technology | B18: =COUNTIF(Sheet1!E6:E35,A18) -> 4 | C18: =AVERAGEIF(Sheet1!E6:E35,A18,Sheet1!G6:G35) -> 3.775
A19: Management | B19: =COUNTIF(Sheet1!E7:E36,A19) -> 4 | C19: =AVERAGEIF(Sheet1!E7:E36,A19,Sheet1!G7:G36) -> 3.7
A20: Design | B20: =COUNTIF(Sheet1!E8:E37,A20) -> 4 | C20: =AVERAGEIF(Sheet1!E8:E37,A20,Sheet1!G8:G37) -> 3.475
A23: Course Level | B23: No. of Courses | C23: Avg Course Rating
A24: Beginner | B24: =COUNTIF(Sheet2!$D$2:$D$31,"*Advanced*") -> 10 | C24: =AVERAGEIF(Sheet2!$D$2:$D$31,"*Advanced*",Sheet2!$E$2:$E$31) -> 4.59
A25: Intermediate | B25: =COUNTIF(Sheet2!$D$2:$D$31,"*Advanced*") -> 10 | C25: =AVERAGEIF(Sheet2!$D$2:$D$31,"*Advanced*",Sheet2!$E$2:$E$31) -> 4.59
A26: Advanced | B26: =COUNTIF(Sheet2!$D$2:$D$31,"*Advanced*") -> 10 | C26: =AVERAGEIF(Sheet2!$D$2:$D$31,"*Advanced*",Sheet2!$E$2:$E$31) -> 4.59
C28: Course Category Analysis
A30: Course Category | B30: No. of Courses | C30: Avg Course Rating
A31: Data Science | B31: =COUNTIF(Sheet2!$C$2:$C$31,"*"&A31&"*") -> 4 | C31: =AVERAGEIF(Sheet2!$C$2:$C$31,"*"&A31&"*",Sheet2!$E$2:$E$31) -> 4.575
A32: Marketing | B32: =COUNTIF(Sheet2!$C$2:$C$31,"*"&A32&"*") -> 4 | C32: =AVERAGEIF(Sheet2!$C$2:$C$31,"*"&A32&"*",Sheet2!$E$2:$E$31) -> 4.25
A33: Finance | B33: =COUNTIF(Sheet2!$C$2:$C$31,"*"&A33&"*") -> 5 | C33: =AVERAGEIF(Sheet2!$C$2:$C$31,"*"&A33&"*",Sheet2!$E$2:$E$31) -> 4.62
A34: Management | B34: =COUNTIF(Sheet2!$C$2:$C$31,"*"&A34&"*") -> 4 | C34: =AVERAGEIF(Sheet2!$C$2:$C$31,"*"&A34&"*",Sheet2!$E$2:$E$31) -> 4.55
A35: Technology | B35: =COUNTIF(Sheet2!$C$2:$C$31,"*"&A35&"*") -> 4 | C35: =AVERAGEIF(Sheet2!$C$2:$C$31,"*"&A35&"*",Sheet2!$E$2:$E$31) -> 4.55
A36: Design | B36: =COUNTIF(Sheet2!$C$2:$C$31,"*"&A36&"*") -> 3 | C36: =AVERAGEIF(Sheet2!$C$2:$C$31,"*"&A36&"*",Sheet2!$E$2:$E$31) -> 4.2
A37: Business Analytics | B37: =COUNTIF(Sheet2!$C$2:$C$31,"*"&A37&"*") -> 4 | C37: =AVERAGEIF(Sheet2!$C$2:$C$31,"*"&A37&"*",Sheet2!$E$2:$E$31) -> 4.775
A38: Human Resource | B38: =COUNTIF(Sheet2!$C$2:$C$31,"*"&A38&"*") -> 2 | C38: =AVERAGEIF(Sheet2!$C$2:$C$31,"*"&A38&"*",Sheet2!$E$2:$E$31) -> 4.4
A41: Experience Analysis
A42: Years of Experience | B42: Teacher Rating
B43: =CORREL(Sheet1!F2:F31,Sheet1!G2:G31) -> 0.80729514

Sheet Sheet6
A1: Course Category | B1: No. of Course | C1: Avg Course Rating
A2: Data Science | B2: =COUNTIF(Sheet2!C2:C31,A2) -> 4 | C2: =COUNT(Sheet2!E2:E31) -> 30
A3: Marketing | B3: =COUNTIF(Sheet2!C3:C32,A3) -> 4 | C3: =COUNT(Sheet2!E3:E32) -> 29
A4: Finance | B4: =COUNTIF(Sheet2!C4:C33,A4) -> 0 | C4: =COUNT(Sheet2!E4:E33) -> 28
A5: Management | B5: =COUNTIF(Sheet2!C5:C34,A5) -> 4 | C5: =COUNT(Sheet2!E5:E34) -> 27
A6: Technology | B6: =COUNTIF(Sheet2!C6:C35,A6) -> 4 | C6: =COUNT(Sheet2!E6:E35) -> 26
A7: Design | B7: =COUNTIF(Sheet2!C7:C36,A7) -> 3 | C7: =COUNT(Sheet2!E7:E36) -> 25
A8: Business Analytics | B8: =COUNTIF(Sheet2!C8:C37,A8) -> 4 | C8: =COUNT(Sheet2!E8:E37) -> 24
A9: Human Reasource | B9: =COUNTIF(Sheet2!C9:C38,A9) -> 0 | C9: =COUNT(Sheet2!E9:E38) -> 23
A10: Course Level | B10: No. of Courses | C10: Avg Course Rating
A11: Intermediate | B11: =COUNTIF(Sheet2!$D$2:$D$31,A11) -> 10 | C11: =AVERAGE(Sheet2!E2:E31) -> 4.51
A12: Beginner | B12: =COUNTIF(Sheet2!$D$2:$D$31,A12) -> 10 | C12: =AVERAGE(Sheet2!E3:E32) -> 4.5068966
A13: Advanced | B13: =COUNTIF(Sheet2!$D$2:$D$31,A13) -> 10 | C13: =AVERAGE(Sheet2!E4:E33) -> 4.5142857
